capsid-01,capsid,1,ATGAAAAACCCAAAAAAGAAATCCGGAGGATTCCGGATTGTCAATATGCTAAAACGCGGAGTAGCCCGTGTGAGCCCCTTTGGGGGCTTGAAGAGGCTGCCAGCCGGACTTCTGCTGGGTCATGGGCCCATCAGGATGGTCTTGGCGATTCTAGCCTTTTTGAGATTCACGGCAATCAAGCCATCACTGGGTCTCATCAATAGATGGGGTTCAGTGGGGAAAAAAGAGGCTATGGAAATAATAAAGAAGTTCAAGAAAGATCTGGCTGCCATGCTGAGAATAATCAATGCTAGGAAGGAGAAGAAGAGACGA
premembrane-02,premembrane,1,GCGGAGGTCACTAGACGTGGGAGTGCATACTATATGTACTTGGACAGAAACGATGCTGGGGAGGCCATATCTTTTCCAACCACATTGGGGATGAATAAGTGTTATATACAGATCATGGATCTTGGACACATGTGTGATGCCACCATGAGCTATGAATGCCCTATGCTGGATGAGGGGGTGGAACCAGATGACGTCGATTGTTGGTGCAACACGACGTCAACTTGGGTTGTGTACGGAACCTGCCATCACAAAAAAGGTGAAGCACGGAGATCTAGAAGAGCCGTGACGCTCCCCTCCCATTCCACTAGGAAGCTGCAAACGCGGTCGCAAACCTGGTTGGAATCAAGAGAATACACAAAGCACTTGATTAGAGTCGAAAATTGGATATTCAGGAACCCTGGTTTCGCTTTAGCAGCAGCTGCCATCGCTTGGCTTTTGGGAAGCTCAACGAGCCAAAAAGTCATATACTTGGTCATGATACTGCTGATTGCCCCGGCATACAGC
envelope-03,envelope,1,ATCAGGTGCATAGGAGTCAGCAATAGGGACTTTGTGGAAGGTATGTCAGGTGGGACTTGGGTTGATGTTGTCTTGGAACATGGAGGTTGTGTCACCGTAATGGCACAGGACAAACCGACTGTCGACATAGAGCTGGTTACAACAACAGTCAGCAACATGGCGGAGGTAAGATCCTACTGCTATGAGGCATCAATATCAGACATGGCTTCGGACAGCCGCTGCCCAACACAAGGTGAAGCCTACCTTGACAAGCAATCAGACACTCAATATGTCTGCAAAAGAACGTTAGTGGACAGAGGCTGGGGAAATGGATGTGGACTTTTTGGCAAAGGGAGCCTGGTGACATGCGCTAAGTTTGCATGCTCCAAGAAAATGACCGGGAAGAGCATCCAGCCAGAGAATCTGGAGTACCGGATAATGTTGTCAGTTCATGGCTCCCAGCACAGTGGGATGATTGTTAATGACACAGGACATGAAACTGATGAGAATAGAGCGAAGGTTGAGATAACGCCCAATTCACCAAGAGCCGAAGCCACCCTGGGGGGTTTTGGAAGCCTAGGACTTGATTGTGAACCGAGGACAGGCCTTGACTTTTCAGATTTGTATTACTTGACTATGAATAACAAGCACTGGTTGGTTCACAAGGAGTGGTTCCACGACATTCCATTACCTTGGCACGCTGGGGCAGACACCGGAACTCCACACTGGAACAACAAAGAAGCACTGGTAGAGTTCAAGGACGCACATGCCAAAAGGCAAACTGTCGTGGTTCTAGGGAGTCAAGAAGGAGCAGTTCACACGGCCCTTGCTGGAGCTCTGGAGGCTGAGATGGATGGTGCAAAGGGAAGGCTGTCCTCTGGCCACTTGAAATGTCGCCTGAAAATGGATAAACTTAGATTGAAGGGCGTGTCATACTCCTTGTGTACCGCAGCGTTCACATTCACCAAGATCCCGGCTGAAACACTGCACGGGACAGTCACAGTGGAGGTACAGTACGCAGGGACAGATGGACCTTGCAAGGTTCCAGCTCAGATGGCGGTGGACATGCAAACTCTGACCCCAGTTGGGAGGTTGATAACCGCTAACCCCGTAATCACTGAAAGCACTGAGAACTCTAAGATGATGCTGGAACTTGATCCACCATTTGGGGACTCTTACATTGTCATAGGAGTCGGGGAGAAGAAGATCACCCACCACTGGCACAGGAGTGGCAGCACCATTGGAAAAGCATTTGAAGCCACTGTGAGAGGTGCCAAGAGAATGGCAGTCTTGGGAGACACAGCCTGGGACTTTGGATCAGTTGGAGGCGCTCTCAACTCATTGGGCAAGGGCATCCATCAAATTTTTGGAGCAGCTTTCAAATCATTGTTTGGAGGAATGTCCTGGTTCTCACAAATTCTCATTGGAACGTTGCTGATGTGGTTGGGTCTGAACACAAAGAATGGATCTATTTCCCTTATGTGCTTGGCCTTAGGGGGAGTGTTGATCTTCTTATCCACAGCCGTCTCTGCT
ns1-04,ns1,1,GATGTGGGGTGCTCGGTGGACTTCTCAAAGAAGGAGACGAGATGTGGTACAGGGGTGTTCGTCTATAACGACGTTGAAGCCTGGAGGGACAGGTACAAGTACCATCCTGACTCCCCCCGTAGATTGGCAGCAGCAGTCAAGCAAGCCTGGGAAGATGGTATCTGCGGGATCTCCTCTGTTTCAAGAATGGAAAACATCATGTGGAGATCAGTAGAAGGGGAGCTCAACGCAATCCTGGAAGAGAATGGAGTTCAACTGACGGTCGTTGTGGGATCTGTAAAAAACCCCATGTGGAGAGGTCCACAGAGATTGCCCGTGCCTGTGAACGAGCTGCCCCACGGCTGGAAGGCTTGGGGGAAATCGTACTTCGTCAGAGCAGCAAAGACAAATAACAGCTTTGTCGTGGATGGTGACACACTGAAGGAATGCCCACTCAAACATAGAGCATGGAACAGCTTTCTTGTGGAGGATCATGGGTTCGGGGTATTTCACACTAGTGTCTGGCTCAAGGTTAGAGAAGATTATTCATTAGAGTGTGATCCAGCCGTTATTGGAACAGCTGTTAAGGGAAAGGAGGCTGTACACAGTGATCTAGGCTACTGGATTGAGAGTGAGAAGAATGACACATGGAGGCTGAAGAGGGCCCATCTGATCGAGATGAAAACATGTGAATGGCCAAAGTCCCACACATTGTGGACAGATGGAATAGAAGAGAGTGATCTGATCATACCCAAGTCTTTAGCTGGGCCACTCAGCCATCACAATACCAGAGAGGGCTACAGGACCCAAATGAAAGGGCCATGGCACAGTGAAGAGCTTGAAATTCGGTTTGAGGAATGCCCAGGCACTAAGGTCCACGTGGAGGAAACATGTGGAACAAGAGGACCATCTCTGAGATCAACCACTGCAAGCGGAAGGGTGATCGAGGAATGGTGCTGCAGGGAGTGCACAATGCCCCCACTGTCGTTCTGGGCTAAAGATGGCTGTTGGTATGGAATGGAGATAAGGCCCAGGAAAGAACCAGAAAGCAACTTAGTAAGGTCAATGGTGACTGCA
ns2a-05,ns2a,1,GGATCAACTGATCACATGGATCACTTCTCCCTTGGAGTGCTTGTGATTCTGCTCATGGTGCAGGAAGGGCTGAAGAAGAGAATGACCACAAAGATCATCATAAGCACATCAATGGCAGTGCTGGTAGCTATGATCCTGGGAGGATTTTCAATGAGTGACCTGGCTAAGCTTGCAATTTTGATGGGTGCCACCTTCGCGGAAATGAACACTGGAGGAGATGTAGCTCATCTGGCGCTGATAGCGGCATTCAAAGTCAGACCAGCGTTGCTGGTATCTTTCATCTTCAGAGCTAATTGGACACCCCGTGAAAGCATGCTGCTGGCCTTGGCCTCGTGTCTTTTGCAAACTGCGATCTCCGCCTTGGAGGGCGACCTGATGGTTCTCATCAATGGTTTTGCTTTGGCCTGGTTGGCAATACGAGCGATGGTTGTTCCACGCACTGACAACATCACCTTGGCAATCCTGGCTGCTCTGACACCACTGGCCCGGGGCACACTGCTTGTGGCGTGGAGAGCAGGCCTTGCCACTTGCGGGGGGTTTATGCTCCTCTCTCTGAAGGGAAAAGGCAGTGTGAAGAAGAACTTACCATTTGTCATGGCCCTGGGACTAACCGCTGTGAGGCTGGTCGACCCCATCAACGTGGTGGGACTGCTGTTGCTCACAAGGAGTGGGAAGCGG
ns2b-06,ns2b,1,AGCTGGCCCCCTAGCGAAGTACTCACAGCTGTTGGCCTGATATGCGCATTGGCTGGAGGGTTCGCCAAGGCAGATATAGAGATGGCTGGGCCCATGGCCGCGGTCGGTCTGCTAATTGTCAGTTACGTGGTCTCAGGAAAGAGTGTGGACATGTACATTGAAAGAGCAGGTGACATCACATGGGAAAAAGATGCGGAAGTCACTGGAAACAGTCCCCGGCTCGATGTGGCGCTAGATGAGAGTGGTGATTTCTCCCTGGTGGAGGATGACGGTCCCCCCATGAGAGAGATCATACTCAAGGTGGTCCTGATGACCATCTGTGGCATGAACCCAATAGCCATACCCTTTGCAGCTGGAGCGTGGTACGTATACGTGAAGACTGGAAAAAGG
ns3-07,ns3,1,AGTGGTGCTCTATGGGATGTGCCTGCTCCCAAGGAAGTAAAAAAGGGGGAGACCACAGATGGAGTGTACAGAGTAATGACTCGTAGACTGCTAGGTTCAACACAAGTTGGAGTGGGAGTTATGCAAGAGGGGGTCTTTCACACTATGTGGCACGTCACAAAAGGATCCGCGCTGAGAAGCGGTGAAGGGAGACTTGATCCATACTGGGGAGATGTCAAGCAGGATCTGGTGTCATACTGTGGTCCATGGAAGCTAGATGCCGCCTGGGACGGGCACAGCGAGGTGCAGCTCTTGGCCGTGCCCCCCGGAGAGAGAGCGAGGAACATCCAGACTCTGCCCGGAATATTTAAGACAAAGGATGGGGACATTGGAGCGGTTGCGCTGGATTACCCAGCAGGAACTTCAGGATCTCCAATCCTAGACAAGTGTGGGAGAGTGATAGGACTTTATGGCAATGGGGTCGTGATCAAAAATGGGAGTTATGTTAGTGCCATCACCCAAGGGAGGAGGGAGGAAGAGACTCCTGTTGAGTGCTTCGAGCCTTCGATGCTGAAGAAGAAGCAGCTAACTGTCTTAGACTTGCATCCTGGAGCTGGGAAAACCAGGAGAGTTCTTCCTGAAATAGTCCGTGAAGCCATAAAAACAAGACTCCGTACTGTGATCTTAGCTCCAACCAGGGTTGTCGCTGCTGAAATGGAGGAAGCCCTTAGAGGGCTTCCAGTGCGTTATATGACAACAGCAGTCAATGTCACCCACTCTGGAACAGAAATCGTCGACTTAATGTGCCATGCCACCTTCACTTCACGTCTACTACAGCCAATCAGAGTCCCCAACTATAATCTGTATATTATGGATGAGGCCCACTTCACAGATCCCTCAAGTATAGCAGCAAGAGGATACATTTCAACAAGGGTTGAGATGGGCGAGGCGGCTGCCATCTTCATGACCGCCACGCCACCAGGAACCCGTGACGCATTTCCGGACTCCAACTCACCAATTATGGACACCGAAGTGGAAGTCCCAGAGAGAGCCTGGAGCTCAGGCTTTGATTGGGTGACGGATCATTCTGGAAAAACAGTTTGGTTTGTTCCAAGCGTGAGGAACGGCAATGAGATCGCAGCTTGTCTGACAAAGGCTGGAAAACGGGTCATACAGCTCAGCAGAAAGACTTTTGAGACAGAGTTCCAGAAAACAAAACATCAAGAGTGGGACTTTGTCGTGACAACTGACATTTCAGAGATGGGCGCCAACTTTAAAGCTGACCGTGTCATAGATTCCAGGAGATGCCTAAAGCCGGTCATACTTGATGGCGAGAGAGTCATTCTGGCTGGACCCATGCCTGTCACACATGCCAGCGCTGCCCAGAGGAGGGGGCGCATAGGCAGGAATCCCAATAAACCTGGAGATGAGTATCTGTATGGAGGTGGGTGCGCAGAGACTGACGAAGACCATGCACACTGGCTTGAAGCAAGAATGCTCCTTGACAATATTTACCTCCAAGATGGCCTCATAGCCTCGCTCTATCGACCTGAGGCCGACAAAGTAGCAGCCATTGAGGGAGAGTTCAAGCTTAGGACGGAGCAAAGGAAGACCTTTGTGGAACTCATGAAAAGAGGAGATCTTCCTGTTTGGCTGGCCTATCAGGTTGCATCTGCCGGAATAACCTACACAGATAGAAGATGGTGCTTTGATGGCACGACCAACAACACCATAATGGAAGACAGTGTGCCGGCAGAGGTGTGGACCAGACACGGAGAGAAAAGAGTGCTCAAACCGAGGTGGATGGACGCCAGAGTTTGTTCAGATCATGCGGCCCTGAAGTCATTCAAGGAGTTTGCCGCTGGGAAAAGA
ns4a-08,ns4a,1,GGAGCGGCTTTTGGAGTGATGGAAGCCCTGGGAACACTGCCAGGACACATGACAGAGAGATTCCAGGAAGCCATTGACAACCTCGCTGTGCTCATGCGGGCAGAGACTGGAAGCAGGCCTTACAAAGCCGCGGCGGCCCAATTGCCGGAGACCCTAGAGACCATTATGCTTTTGGGGTTGCTGGGAACAGTCTCGCTGGGAATCTTTTTCGTCTTGATGAGGAACAAGGGCATAGGGAAGATGGGCTTTGGAATGGTGACTCTTGGGGCCAGCGCATGGCTCATGTGGCTCTCGGAAATTGAGCCAGCCAGAATTGCATGTGTCCTCATTGTTGTGTTCCTATTGCTGGTGGTGCTCATACCTGAGCCAGAAAAGCAAAGATCTCCCCAGGACAACCAAATGGCAATCATCATCATGGTAGCAGTAGGTCTTCTGGGCTTGATTACCGCCAATGAACTCGG
ns4b-09,ns4b,1,ATGGTTGGAGAGAACAAAGAGTGACCTAAGCCATCTAATGGGAAGGAGAGAGGAGGGGGCAACCATAGGATTCTCAATGGACATTGACCTGCGGCCAGCCTCAGCTTGGGCCATCTATGCTGCCTTGACAACTTTCATTACCCCAGCCGTCCAACATGCAGTGACCACTTCATACAACAACTACTCCTTAATGGCGATGGCCACGCAAGCTGGAGTGTTGTTTGGTATGGGCAAAGGGATGCCATTCTACGCATGGGACTTTGGAGTCCCGCTGCTAATGATAGGTTGTTACTCACAATTAACACCCCTGACCCTAATAGTGGCCATCATTTTGCTCGTGGCGCACTACATGTACTTGATCCCAGGGCTGCAGGCAGCAGCTGCGCGTGCTGCCCAGAAGAGAACGGCAGCTGGCATCATGAAGAACCCTGTTGTGGATGGAATAGTGGTGACTGACATTGACACAATGACAATTGACCCCCAAGTGGAGAAAAAGATGGGACAGGTGCTACTCATAGCAGTAGCCGTCTCCAGCGCCATACTGTCGCGGACCGCCTGGGGGTGGGGGGAGGCTGGGGCCCTGATCACAGCCGCAACTTCCACTTTGTGGGAAGGCTCTCCGAACAAGTACTGGAACTCCTCTACAGCCACTTCACTGTGTAACATTTTTAGGGGAAGTTACTTGGCTGGAGCTTCTCTAATCTACACAGTAACAAGAAACGCTGGCTTGGTCAAGAGACGT
ns5-10,ns5,1,GGGGGTGGAACAGGAGAGACCCTGGGAGAGAAATGGAAGGCCCGCTTGAACCAGATGTCGGCCCTGGAGTTCTACTCCTACAAAAAGTCAGGCATCACCGAGGTGTGCAGAGAAGAGGCCCGCCGCGCCCTCAAGGACGGTGTGGCAACGGGAGGCCATGCTGTGTCCCGAGGAAGTGCAAAGCTGAGATGGTTGGTGGAGCGGGGATACCTGCAGCCCTATGGAAAGGTCATTGATCTTGGATGTGGCAGAGGGGGCTGGAGTTACTACGCCGCCACCATCCGCAAAGTTCAAGAAGTGAAAGGATACACAAAAGGAGGCCCTGGTCATGAAGAACCCGTGTTGGTGCAAAGCTATGGGTGGAACATAGTCCGTCTTAAGAGTGGGGTGGACGTCTTTCATATGGCGGCTGAGCCGTGTGACACGTTGCTGTGTGACATAGGTGAGTCATCATCTAGTCCTGAAGTGGAAGAAGCACGGACGCTCAGAGTCCTCTCCATGGTGGGGGATTGGCTTGAAAAAAGACCAGGAGCCTTTTGTATAAAAGTGTTGTGCCCATACACCAGCACTATGATGGAAACCCTGGAGCGACTGCAGCGTAGGTATGGGGGAGGACTGGTCAGAGTGCCACTCTCCCGCAACTCTACACATGAGATGTACTGGGTCTCTGGAGCGAAAAGCAACACCATAAAAAGTGTGTCCACCACGAGCCAGCTCCTCTTGGGGCGCATGGACGGGCCTAGGAGGCCAGTGAAATATGAGGAGGATGTGAATCTCGGCTCTGGCACGCGGGCTGTGGTAAGCTGCGCTGAAGCTCCCAACATGAAGATCATTGGTAACCGCATTGAAAGGATCCGCAGTGAGCACGCGGAAACGTGGTTCTTTGACGAGAACCACCCATATAGGACATGGGCTTACCATGGAAGCTATGAGGCCCCCACACAAGGGTCAGCGTCCTCTCTAATAAACGGGGTTGTCAGGCTCCTGTCAAAACCCTGGGATGTGGTGACTGGAGTCACAGGAATAGCCATGACCGACACCACACCGTATGGTCAGCAAAGAGTTTTCAAGGAAAAAGTGGACACTAGGGTGCCAGACCCCCAAGAAGGCACTCGTCAGGTTATGAGCATGGTCTCTTCCTGGTTGTGGAAAGAGCTAGGCAAACACAAACGGCCACGAGTCTGTACCAAAGAAGAGTTCATCAACAAGGTTCGTAGCAATGCAGCATTAGGGGCAATATTTGAAGAGGAAAAAGAGTGGAAGACTGCAGTGGAAGCTGTGAACGATCCAAGGTTCTGGGCTCTAGTGGACAAGGAAAGAGAGCACCACCTGAGAGGAGAGTGCCAGAGTTGTGTGTACAACATGATGGGAAAAAGAGAAAAGAAACAAGGGGAATTTGGAAAGGCCAAGGGCAGCCGCGCCATCTGGTATATGTGGCTAGGGGCTAGATTTCTAGAGTTCGAAGCCCTTGGATTCTTGAACGAGGATCACTGGATGGGGAGAGAGAACTCAGGAGGTGGTGTTGAAGGGCTGGGATTACAAAGACTCGGATATGTCCTAGAAGAGATGAGTCGCATACCAGGAGGAAGGATGTATGCAGATGACACTGCTGGCTGGGACACCCGCATTAGCAGGTTTGATCTGGAGAATGAAGCTCTAATCACCAACCAAATGGAGAAAGGGCACAGGGCCTTGGCATTGGCCATAATCAAGTACACATACCAAAACAAAGTGGTAAAGGTCCTTAGACCAGCTGAAAAAGGGAAAACAGTTATGGACATTATTTCGAGACAAGACCAAAGGGGGAGCGGACAAGTTGTCACTTACGCTCTTAACACATTTACCAACCTAGTGGTGCAACTCATTCGGAATATGGAGGCTGAGGAAGTTCTAGAGATGCAAGACTTGTGGCTGCTGCGGAGGTCAGAGAAAGTGACCAACTGGTTGCAGAGCAACGGATGGGATAGGCTCAAACGAATGGCAGTCAGTGGAGATGATTGCGTTGTGAAGCCAATTGATGATAGGTTTGCACATGCCCTCAGGTTCTTGAATGATATGGGAAAAGTTAGGAAGGACACACAAGAGTGGAAACCCTCAACTGGATGGGACAACTGGGAAGAAGTTCCGTTTTGCTCCCACCATTTCAACAAGCTCCATCTCAAGGACGGGAGGTCCATTGTGGTTCCCTGCCGCCACCAAGATGAACTGATTGGCCGGGCCCGCGTCTCTCCAGGGGCGGGATGGAGCATCCGGGAGACTGCTTGCCTAGCAAAATCATATGCGCAAATGTGGCAGCTCCTTTATTTCCACAGAAGGGACCTCCGACTGATGGCCAATGCCATTTGTTCATCTGTGCCAGTTGACTGGGTTCCAACTGGGAGAACTACCTGGTCAATCCATGGAAAGGGAGAATGGATGACCACTGAAGACATGCTTGTGGTGTGGAACAGAGTGTGGATTGAGGAGAACGACCACATGGAAGACAAGACCCCAGTTGCGAAATGGACAGACATTCCCTATTTGGGAAAAAGGGAAGACTTGTGGTGTGGATCTCTCATAGGGCACAGACCGCGCACCACCTGGGCTGAGAACATTAAAAACACAGTCAACATGGTGCGCAGGATCATAGGTGATGAAGAAAAGTACATGGACTACCTATCCACCCAAGTTCGCTACTTGGGTGAAGAAGGGTCTACACCTGGAGTGCTG
